keyword,category,priority
how much do solar panels cost 2026,Solar Costs & Savings,high
solar panel cost per watt 2026,Solar Costs & Savings,high
average cost of solar installation by state,Solar Costs & Savings,high
solar panels worth it financially,Solar Costs & Savings,high
solar payback period calculator,Solar Costs & Savings,high
how long to pay off solar panels,Solar Costs & Savings,high
solar panel ROI calculation,Solar Costs & Savings,high
solar savings calculator,Solar Costs & Savings,high
net metering savings explained,Solar Costs & Savings,high
does solar increase home value,Solar Costs & Savings,medium
solar cost vs electricity bill savings,Solar Costs & Savings,high
solar panel installation cost breakdown,Solar Costs & Savings,high
solar lease vs buy cost comparison,Solar Costs & Savings,high
solar panels cost for 2000 sq ft home,Solar Costs & Savings,medium
average solar panel savings per month,Solar Costs & Savings,medium
how many solar panels do I need,Solar Costs & Savings,high
solar system size calculator,Solar Costs & Savings,medium
cost to go completely off grid solar,Solar Costs & Savings,medium
solar panels for small house cost,Solar Costs & Savings,medium
solar panel price per kilowatt,Solar Costs & Savings,medium
federal solar tax credit 2026,Tax Credits & Incentives,high
ITC solar investment tax credit explained,Tax Credits & Incentives,high
solar tax credit how to claim,Tax Credits & Incentives,high
state solar incentives by state,Tax Credits & Incentives,high
solar rebates from utility companies,Tax Credits & Incentives,high
SREC solar renewable energy credit,Tax Credits & Incentives,medium
net metering policy by state,Tax Credits & Incentives,high
solar property tax exemption by state,Tax Credits & Incentives,medium
solar sales tax exemption,Tax Credits & Incentives,medium
IRS form 5695 solar credit instructions,Tax Credits & Incentives,medium
solar incentives California 2026,Tax Credits & Incentives,high
solar incentives Texas 2026,Tax Credits & Incentives,high
solar incentives Florida 2026,Tax Credits & Incentives,high
solar incentives New York 2026,Tax Credits & Incentives,high
PACE financing solar panels,Tax Credits & Incentives,medium
federal solar tax credit expiration,Tax Credits & Incentives,high
solar battery storage tax credit,Tax Credits & Incentives,high
low income solar programs,Tax Credits & Incentives,medium
solar grants for homeowners,Tax Credits & Incentives,medium
utility solar incentive programs,Tax Credits & Incentives,medium
solar loan vs solar lease vs PPA,Solar Financing,high
solar power purchase agreement explained,Solar Financing,high
best solar financing options,Solar Financing,high
how to finance solar panels with no money down,Solar Financing,high
solar loan interest rates 2026,Solar Financing,high
Mosaic solar loan review,Solar Financing,medium
GreenSky solar loan review,Solar Financing,medium
home equity loan for solar panels,Solar Financing,medium
FHA PowerSaver loan solar,Solar Financing,low
solar panel financing calculator,Solar Financing,medium
is solar lease worth it,Solar Financing,high
solar PPA pros and cons,Solar Financing,high
solar lease buyout options,Solar Financing,medium
transferring solar lease when selling home,Solar Financing,high
solar loan vs cash purchase comparison,Solar Financing,medium
HERO program solar financing,Solar Financing,low
refinancing to pay for solar panels,Solar Financing,medium
solar panels with bad credit,Solar Financing,medium
zero down solar financing options,Solar Financing,high
community solar subscription explained,Solar Financing,medium
best solar panels for home 2026,Solar Panels & Equipment,high
monocrystalline vs polycrystalline solar panels,Solar Panels & Equipment,high
solar panel efficiency ratings explained,Solar Panels & Equipment,medium
how long do solar panels last,Solar Panels & Equipment,high
solar panel warranty what to look for,Solar Panels & Equipment,medium
SunPower vs LG vs Panasonic solar panels,Solar Panels & Equipment,medium
REC solar panels review,Solar Panels & Equipment,medium
Canadian Solar panels review,Solar Panels & Equipment,medium
solar panel degradation rate,Solar Panels & Equipment,medium
solar panel performance in cold weather,Solar Panels & Equipment,medium
solar panels in cloudy climates,Solar Panels & Equipment,medium
solar panel wattage explained,Solar Panels & Equipment,medium
how many kWh does solar panel produce,Solar Panels & Equipment,medium
bifacial solar panels worth it,Solar Panels & Equipment,low
solar panel brand comparison 2026,Solar Panels & Equipment,high
microinverters vs string inverter,Solar Panels & Equipment,medium
Enphase vs SolarEdge inverter,Solar Panels & Equipment,medium
solar panel tilt angle optimization,Solar Panels & Equipment,low
portable solar panels for home,Solar Panels & Equipment,low
solar panel cleaning and maintenance cost,Solar Panels & Equipment,medium
Tesla Powerwall cost 2026,Home Battery Storage,high
home battery storage options compared,Home Battery Storage,high
Enphase IQ battery review,Home Battery Storage,high
LG Chem RESU battery review,Home Battery Storage,medium
solar battery storage worth it,Home Battery Storage,high
how long does a Powerwall last,Home Battery Storage,medium
solar battery backup for power outages,Home Battery Storage,high
how many batteries for off grid solar,Home Battery Storage,medium
solar battery storage cost per kWh,Home Battery Storage,medium
best home battery 2026,Home Battery Storage,high
Powerwall 3 vs Powerwall 2 comparison,Home Battery Storage,medium
Franklin WH battery review,Home Battery Storage,medium
solar with battery storage vs without,Home Battery Storage,high
home battery storage incentives,Home Battery Storage,medium
virtual power plant programs,Home Battery Storage,low
solar battery sizing calculator,Home Battery Storage,medium
off grid solar battery system cost,Home Battery Storage,medium
solar battery for well pump,Home Battery Storage,low
how to add battery storage to existing solar,Home Battery Storage,medium
home battery storage payback period,Home Battery Storage,medium
solar installation process step by step,Solar Installation,high
how to choose a solar installer,Solar Installation,high
solar installation permits explained,Solar Installation,medium
HOA solar panel rules,Solar Installation,high
solar installation timeline how long,Solar Installation,medium
roof requirements for solar panels,Solar Installation,high
solar panel roof damage concerns,Solar Installation,medium
best direction for solar panels,Solar Installation,medium
solar ground mount vs roof mount,Solar Installation,medium
solar installation inspection process,Solar Installation,low
utility interconnection process solar,Solar Installation,medium
how to get multiple solar quotes,Solar Installation,high
solar installer red flags to avoid,Solar Installation,high
solar installation warranty what is covered,Solar Installation,medium
EPC contractor vs local solar installer,Solar Installation,medium
best solar companies 2026,Solar Installation,high
SunRun vs Sunpower vs Tesla Solar,Solar Installation,high
local vs national solar company,Solar Installation,medium
solar installer licensing requirements,Solar Installation,low
solar panel installation cost labor,Solar Installation,medium
solar panels in California NEM 3.0,State Solar Guides,high
solar panels in Texas guide,State Solar Guides,high
solar panels in Florida guide,State Solar Guides,high
solar panels in Arizona guide,State Solar Guides,high
solar panels in New York guide,State Solar Guides,high
solar panels in North Carolina guide,State Solar Guides,medium
solar panels in Colorado guide,State Solar Guides,medium
solar panels in New Jersey guide,State Solar Guides,medium
solar panels in Massachusetts guide,State Solar Guides,medium
solar panels in Georgia guide,State Solar Guides,medium
solar panels in Ohio guide,State Solar Guides,medium
solar panels in Illinois guide,State Solar Guides,medium
best states for solar energy savings,State Solar Guides,high
worst states for solar panels,State Solar Guides,medium
solar in Hawaii cost and incentives,State Solar Guides,medium
California NEM 3.0 explained,State Solar Guides,high
net metering changes by state,State Solar Guides,high
solar in cloudy states is it worth it,State Solar Guides,medium
Pacific Northwest solar guide,State Solar Guides,medium
Midwest solar energy guide,State Solar Guides,medium
EV charging and solar panels home,Energy Efficiency & Solar,high
solar panels and electric vehicle charging,Energy Efficiency & Solar,high
solar panels with heat pump,Energy Efficiency & Solar,medium
home energy audit before solar,Energy Efficiency & Solar,medium
solar and home insulation savings,Energy Efficiency & Solar,low
smart home energy management with solar,Energy Efficiency & Solar,medium
solar panels and air conditioning savings,Energy Efficiency & Solar,medium
whole home solar energy system,Energy Efficiency & Solar,medium
energy independence with solar and battery,Energy Efficiency & Solar,high
solar panels for pool heating,Energy Efficiency & Solar,low
solar water heater vs solar panels,Energy Efficiency & Solar,medium
reduce electric bill before going solar,Energy Efficiency & Solar,medium
solar and HVAC upgrade combination,Energy Efficiency & Solar,medium
solar panels and smart thermostat,Energy Efficiency & Solar,low
solar ready home what does it mean,Energy Efficiency & Solar,medium
what happens to solar panels when you sell home,Solar Installation,high
solar panels on rental property,Solar Installation,medium
solar for manufactured homes,Solar Installation,medium
community solar vs rooftop solar,Solar Financing,medium
solar for apartment dwellers,Solar Financing,medium
how many solar panels to power a house,System Sizing,high
solar panel payback period calculator,Costs & ROI,high
do solar panels work in winter,Performance,high
solar panels vs solar shingles,Equipment,high
how long do solar batteries last,Batteries,high
can solar panels power a whole house off grid,Off-Grid,high
solar panel cleaning and maintenance guide,Maintenance,medium
microinverters vs string inverters,Equipment,medium
solar panel degradation rate over time,Performance,medium
how much do solar panels increase home value,Costs & ROI,high
what is net metering and how does it work,Incentives,high
federal solar tax credit 2026 explained,Incentives,high
best direction to face solar panels,Installation,medium
solar panel roof vs ground mount,Installation,medium
how to read a solar electricity bill,Basics,medium
solar battery backup during power outage,Batteries,high
do you need permits to install solar panels,Installation,medium
solar panel efficiency comparison by type,Equipment,medium
how to size a solar battery bank,System Sizing,medium
solar panels for cloudy climates,Performance,medium
what happens to solar panels after 25 years,Lifecycle,low
solar panel recycling and disposal,Lifecycle,low
how to monitor solar panel output,Monitoring,medium
solar carport vs roof panels,Installation,low
solar panel insurance and warranty guide,Costs & ROI,medium
how cold weather affects solar battery performance,Batteries,low
hybrid solar inverter explained,Equipment,medium
solar panel snow removal tips,Maintenance,low
how to calculate solar panel wattage needs,System Sizing,high
solar plus battery storage cost,Costs & ROI,high
are solar panels worth it without net metering,Costs & ROI,medium
solar panel installation timeline what to expect,Installation,medium
solar panel financing for bad credit,Financing,medium
grid tied vs off grid solar system,Off-Grid,high
solar panel output on a north facing roof,Performance,low
what size solar system for 2000 sq ft home,System Sizing,high
solar panels and roof replacement timing,Installation,medium
solar generator vs home battery,Batteries,medium
how many kwh does a solar panel produce per day,Performance,high
solar panel shading impact on output,Performance,medium
is solar worth it in a cloudy state,Is Solar Worth It,high
is solar worth it with low electric bills,Is Solar Worth It,high
solar payback period explained,Is Solar Worth It,medium
solar panels vs a generator for backup power,Solar Decisions,high
solar lease vs buying which is better,Solar Decisions,high
is it worth adding a battery to solar,Solar Decisions,medium
how much do solar panels cost for a small house,Solar Costs,medium
do solar panels increase home value,Solar Costs,medium
